{
    "loss": 7.11798095703125,
    "accuracy": 0.5517241358757019
}