{
    "loss": 1.5500073432922363,
    "accuracy": 0.8534482717514038
}