{
    "loss": 0.5741018652915955,
    "accuracy": 0.9482758641242981
}